COD;RUA;SAL;Unnamed: 3;Unnamed: 4;Unnamed: 5;Unnamed: 6;LAT;LONG
350600305000450;CRUZAMENTO DA RODOVIA MARECHAL RONDON SP-300 COM A RODOVIA BAURU / JAÚ SP-225.;7912.49;;;;;-23.213206800;-47.4905442000
350600305000509;CRUZAMENTO DA DIVISA DO FRIGORÍFICO MONDELLI COM RUA ARLINDO PINTO FERREIRA.;7693.65;;;;;-22.334561200;-49.0343943000
350600305000410;CRUZAMENTO DA RUA PROFESSOR NEMPUKU SATO COM A RUA BARÃO DE ITAPETININGA.;7655.94;;;;;-22.333074400;-49.0269694000
350600305000199;CRUZAMENTO DA AVENIDA GETÚLIO VARGAS COM A RUA JOÃO ABO ARRAGE.;7275.78;;;;;-29.652752100;-50.5717716000
350600305000107;CRUZAMENTO DA RUA ALFREDO RUIZ COM A RUA DOMICIANO SILVA.;7265.75;;;;;-23.463090100;-46.6967413000
350600305000155;CRUZAMENTO DA RUA RIO BRANCO COM A RUA JÚLIO MARINGONI.;7006.39;;;;;-29.960259000;-51.7135435000
350600305000201;CRUZAMENTO DA AVENIDA NOSSA SENHORA DE FÁTIMA COM A RUA ELZEÁRIO BARBOSA.;6936.04;;;;;-22.798601900;-45.1743234000
350600305000200;CRUZAMENTO DA RUA RIO BRANCO COM A RUA LUSO BRASILEIRO.;6895.09;;;;;-29.960259000;-51.7135435000
350600305000156;CRUZAMENTO DA RUA AZARIAS LEITE COM A RUA JÚLIO MARINGONI.;6800.14;;;;;-21.232579200;-45.0036329000
350600305000202;CRUZAMENTO DA RUA ALFREDO FONTAO COM RUA ELZEARIO BARBOSA.;6159.98;;;;;-22.798601900;-45.1743234000
350600305000411;CRUZAMENTO DA RUA CYRENIO FERRAZ DE AGUIAR COM A RUA ALZIRO ZARUR.;6033.44;;;;;-22.336361500;-49.0284680000
350600305000377;CRUZAMENTO DA RUA BENEDITO RIBEIRO DOS SANTOS COM A RUA MARECHAL DEODORO.;5817.43;;;;;-22.334561200;-49.0343943000
350600305000257;CRUZAMENTO DA AVENIDA NAÇÕES UNIDAS COM A RUA ABRAHÃO RAHAL.;5721.92;;;;;-5.106612800;-42.8103603000
350600305000259;CRUZAMENTO DA RUA PROFESSOR GERSON RODRIGUES COM A RUA IBRAIN NOBRE.;5562.99;;;;;-22.338319600;-49.0564754000
350600305000154;CRUZAMENTO DA RUA RIO BRANCO COM A RUA ANTÔNIO GARCIA.;5449.24;;;;;-29.960259000;-51.7135435000
350600305000506;CRUZAMENTO DO CÓRREGO ÁGUA COMPRIDA COM RUA ADANTE GIGO.;5297.07;;;;;-22.321418100;-49.1272217000
350600305000153;CRUZAMENTO DA RUA SAINT MARTIN COM A RUA JOAQUIM DA SILVA MARTHA.;4872.81;;;;;-16.671607100;-49.2166578000
350600305000105;CRUZAMENTO DA RUA AGENOR MEIRA COM A RUA PADRE JOÃO.;4486.02;;;;;-22.332199000;-49.0703225000
350600305000196;ENTRONCAMENTO DA AVENIDA NAÇÕES UNIDAS COM A RUA ALMEIDA CINTRA.;4458.91;;;;;-5.106612800;-42.8103603000
350600305000256;ENTRONCAMENTO DA RODOVIA MARECHAL RONDON SP-300 COM A RUA FRANCISCO PAES.;4430.79;;;;;-23.213206800;-47.4905442000
350600305000298;CRUZAMENTO DA RUA HENRIQUE SAVI COM A RUA FELÍCIO SOUBHIE.;4403.97;;;;;-22.338226300;-49.0531724000
350600305000299;CRUZAMENTO DA AVENIDA GETÚLIO VARGAS COM A RUA IGNÁCIO JORGE NASRALLA.;4346.59;;;;;-29.652752100;-50.5717716000
350600305000297;CRUZAMENTO DA RUA JOSÉ ABRAÇOS SANTINHO COM A AVENIDA CRUZEIRO DO SUL.;4191.28;;;;;-22.320703000;-49.0404566000
350600305000099;CRUZAMENTO DA RUA MONTEIRO LOBATO COM A RUA PRESIDENTE KENNEDY.;3937.94;;;;;-22.019575100;-47.8769762000
350600305000195;CRUZAMENTO DA RUA PIAUÍ COM A RUA IRMÃ ARMINDA.;3918.60;;;;;-20.422556900;-49.9782808000
350600305000343;CRUZAMENTO DA AVENIDA DAS LARANJEIRAS COM A RUA MARECHAL DEODORO.;3903.42;;;;;38.738869000;-9.2223024000
350600305000486;CRUZAMENTO DA RUA MARIA JOSÉ COM A RUA PADRE JOÃO.;3794.48;;;;;-22.880214900;-43.3448367000
350600305000261;CRUZAMENTO DA AVENIDA NOSSA SENHORA DE FÁTIMA COM A RUA INÁCIO ALEXANDRE NASRALLA.;3768.02;;;;;-22.798601900;-45.1743234000
350600305000104;CRUZAMENTO DA TRAVESSA JOSÉ F. FIGUEIREDO COM A RUA MARIA JOSÉ.;3730.88;;;;;-2.587694800;-49.5102836000
350600305000106;CRUZAMENTO DA RUA AZARIAS LEITE COM A RUA DOMICIANO SILVA.;3693.56;;;;;-21.232579200;-45.0036329000
350600305000063;RUA AGENOR MEIRA COM A AVENIDA DUQUE DE CAXIAS.;3675.65;;;;;-22.332199000;-49.0703225000
350600305000487;"CRUZAMENTO DA RUA PANAMÁ COM A RUA EQUADOR.
";3656.68;;;;;-5.107620900;-42.7859315000
350600305000192;CRUZAMENTO DA RUA PIAUÍ COM A AVENIDA CRUZEIRO DO SUL.;3635.41;;;;;-20.422556900;-49.9782808000
350600305000490;ENTRONCAMENTO DO PROLONGAMENTO DA RUA SEVERINO MARTINS DA CUNHA COM OS TRILHOS DA NOROESTE.;3633.80;;;;;-23.735032400;-46.4079210000
350600305000149;ENTRONCAMENTO DA RUA SÃO LUIZ COM A AVENIDA CRUZEIRO DO SUL.;3494.14;;;;;-22.807848200;-47.2306184000
350600305000258;CRUZAMENTO DA RUA PROFESSOR GERSON RODRIGUES COM A RUA ABRAHAO RAHAL.;3460.30;;;;;-22.338319600;-49.0564754000
350600305000504;CRUZAMENTO DA ALAMEDA TRÊS LAGOAS COM A RUA JOÃO QUAGGIO.;3456.45;;;;;-22.321418100;-49.1272217000
350600305000059;RUA ENGENHEIRO SAINT MARTIN COM A AVENIDA RODRIGUES ALVES.;3409.08;;;;;-22.318798800;-49.0688239000
350600305000193;CRUZAMENTO DA RUA PIAUÍ COM A AVENIDA DUQUE DE CAXIAS.;3405.88;;;;;-20.422556900;-49.9782808000
350600305000025; RUA AGENOR MEIRA COM A RUA BATISTA DE CARVALHO.;3385.36;;;;;-22.332199000;-49.0703225000
350600305000103;CRUZAMENTO DA RUA SÃO GONÇALO COM A AVENIDA NAÇÕES UNIDAS.;3371.60;;;;;-13.647340000;-41.8452950000
350600305000480;CRUZAMENTO DA RUA ANTÔNIO PADILHA COM A RUA BOA ESPERANÇA.;3348.80;;;;;-6.391198300;-35.5976677000
350600305000497;"RESIDENCIAL VILA VERDE - LOCALIZADO NA RUA CRISTIANO PAGANI NÚMERO 8-51.
";3334.27;;;;;-22.318973500;-49.0556085000
350600305000194;CRUZAMENTO DA AVENIDA NAÇÕES UNIDAS COM A RUA JOAQUIM DA SILVA MARTA.;3201.30;;;;;-5.106612800;-42.8103603000
350600305000026; RUA VIRGÍLIO MALTA COM A RUA BATISTA DE CARVALHO.;3165.29;;;;;-22.329072200;-49.0733677000
350600305000151;CRUZAMENTO DA RUA HERMÍNIO PINTO COM A AVENIDA DUQUE DE CAXIAS.;3143.21;;;;;-22.323777300;-49.0621548000
350600305000070;RUA FELICÍSSIMO ANTÔNIO PEREIRA COM A RUA ITORORÓ.;3141.41;;;;;-22.353717500;-49.0880182000
350600305000102;CRUZAMENTO DA RUA PROFESSOR JOSÉ RANIERI COM A RUA DA CONSTITUICAO.;3086.21;;;;;-22.326231800;-49.0656716000
350600305000064;RUA VIRGÍLIO MALTA COM A AVENIDA DUQUE DE CAXIAS.;3067.81;;;;;-22.329072200;-49.0733677000
350600305000100;CRUZAMENTO DA RUA HERMÍNIO PINTO COM A RUA VOLUNTÁRIOS DA PÁTRIA.;3061.47;;;;;-22.323777300;-49.0621548000
350600305000027; RUA VIRGÍLIO MALTA COM A PRAÇA RODRIGUES DE ABREU.;3035.63;;;;;-22.329072200;-49.0733677000
350600305000111;CRUZAMENTO DA RUA FELICISSIMO ANTÔNIO PEREIRA COM A RUA COLOMBIA.;3021.68;;;;;-22.353717500;-49.0880182000
350600305000482;CRUZAMENTO DA RUA EUGENIO BORRO COM A RUA DONA MARIETA FRANCA.;3005.40;;;;;-22.314931600;-49.0904670000
350600305000244;CRUZAMENTO DA RUA GALVÃO DE CASTRO COM A RUA ESPÍRITO SANTO.;2981.77;;;;;-22.328044700;-49.0459870000
350600305000254;RUA VICTOR C. DE AVILA SANTOS PORTÃO 9 A 10 E RUA SEBASTIÃO PREGNOLATO PORTÃO 6 E 8 NO RESIDENCIAL FLAMBOYANTS.;2943.16;;;;;-23.213206800;-47.4905442000
350600305000060;RUA ENGENHEIRO SAINT MARTIN COM A RUA CONSELHEIRO ANTÔNIO PRADO.;2937.40;;;;;-22.318798800;-49.0688239000
350600305000024; RUA GUSTAVO MACIEL COM A RUA BATISTA DE CARVALHO.;2932.18;;;;;-22.327207100;-49.0696333000
350600305000300;CRUZAMENTO DA RUA PADRE BARTOLOMEU DE GUSMÃO COM A RUA PADRE ARMANDO PIERONI.;2906.98;;;;;40.742961600;-8.6382573000
350600305000144;CRUZAMENTO DA ALAMEDA DOS HELIOTROPOS COM A ALAMEDA DOS CRAVOS.;2906.71;;;;;-22.306726100;-49.0631951000
350600305000066;RUA ALFREDO RUIZ COM A RUA PADRE JOÃO.;2883.11;;;;;-23.463090100;-46.6967413000
350600305000150;CRUZAMENTO DA RUA HERMÍNIO PINTO COM A RUA RODRIGO ROMEIRO.;2848.92;;;;;-22.323777300;-49.0621548000
350600305000079;RUA D'ANNUNCIO CAMMAROSANO COM A RUA MEM DE SÁ.;2813.84;;;;;-22.335926200;-49.1080332000
350600305000285;CRUZAMENTO DA RODOVIA MARECHAL RONDON SP-300 COM A RUA MÁRIO DOS REIS PEREIRA.;2776.41;;;;;-23.213206800;-47.4905442000
350600305000252;RESIDENCIAL FLAMBOYANTES - AVENIDA ORLANDO RANIERI PROTÃO 2 / 3 / 4 - RUA NARCISO JOSÉ CRAVEIRO PORTÃO 1 - RUA SEBASTIÃO PREGNOLATO PORTÃO 6.;2754.62;;;;;-23.213206800;-47.4905442000
350600305000379;CRUZAMENTO DA RODOVIA MARECHAL RONDON SP-300 COM A AVENIDA NAÇÕES UNIDAS.;2730.01;;;;;-23.213206800;-47.4905442000
350600305000061;RUA RIO BRANCO COM A RUA SETE DE SETEMBRO.;2727.22;;;;;-29.960259000;-51.7135435000
350600305000250;RUA DOUTOR GONZAGA MACHADO - PORTÃO 9 E 10 NO RESIDENCIAL CAMÉLIAS.;2634.58;;;;;-23.213206800;-47.4905442000
350600305000381;CRUZAMENTO DA RUA CHARLES LINDENBERG COM A AVENIDA GETÚLIO VARGAS.;2625.47;;;;;-23.344112800;-51.1327926000
350600305000101;CRUZAMENTO DA AVENIDA NACOES UNIDAS COM A RUA DA CONSTITUICAO.;2588.51;;;;;-20.275565300;-42.0411104000
350600305000148;CRUZAMENTO DA RUA CONSELHEIRO ANTÔNIO PRADO COM A RUA BAHIA.;2573.17;;;;;-23.298816900;-45.9569269000
350600305000345;CRUZAMENTO DA RUA AVIADOR EDU CHAVES COM A RUA AVIADOR JOSÉ DE BARROS SILVA.;2553.05;;;;;-22.351948300;-49.0588612000
350600305000491;CRUZAMENTO DA AVENIDA AURELIANO CARDIA COM A RUA SERGIPE.;2551.37;;;;;-22.318973500;-49.0556085000
350600305000147;CRUZAMENTO DA RUA ALMEIDA BRANDÃO COM A AVENIDA RODRIGUES ALVES.;2550.73;;;;;-12.905107100;-38.4875839000
350600305000492;CRUZAMENTO DA ALAMEDA OCTÁVIO PINHEIRO BRIZOLLA - RUA  ANTÔNIO GARCIA.;2528.57;;;;;-22.318973500;-49.0556085000
350600305000505;CRUZAMENTO DO CÓRREGO DO CASTELO COM RODOVIA BAURU / MARÍLIA.;2495.03;;;;;-22.321418100;-49.1272217000
350600305000065;RUA MONSENHOR CLARO COM A AVENIDA DUQUE DE CAXIAS.;2410.57;;;;;-22.917980400;-45.4452641000
350600305000028; RUA MONSENHOR CLARO COM A RUA SETE DE SETEMBRO.;2384.07;;;;;-22.917980400;-45.4452641000
350600305000152;CRUZAMENTO DA RUA JOAQUIM FIDELIS COM A RUA JOAQUIM DA SILVA MARTHA.;2381.82;;;;;-22.327480100;-49.0622327000
350600305000301;CRUZAMENTO DA RUA AVIADOR EDU CHAVES COM A RUA DOUTOR ARMANDO PIERONI.;2380.82;;;;;-22.351948300;-49.0588612000
350600305000243;CRUZAMENTO DA RUA MARTINS DA SILVA COM A AVENIDA RODRIGUES ALVES.;2300.57;;;;;-7.132861800;-34.8480128000
350600305000245;CRUZAMENTO DA RUA ANTÔNIO CINTRA JÚNIOR COM A RUA MADRE CLÉLIA.;2259.99;;;;;-22.322111600;-49.0431900000
350600305000251;AVENIDA ORLANDO RANIERI PORTAO 2 - 3 - 4 E 5 NO PARQUE DAS CAMELIAS.;2244.20;;;;;-23.213206800;-47.4905442000
350600305000191;CRUZAMENTO DA RUA ALAGOAS COM A AVENIDA CRUZEIRO DO SUL.;2189.30;;;;;-22.858896500;-47.2023525000
350600305000078;RUA CASTRO ALVES COM A RUA SIQUEIRA CAMPOS.;2185.10;;;;;-11.393493500;-57.3196808000
350600305000120;CRUZAMENTO DA RUA HALIM AIDAR COM A RUA WENCESLAU BRAZ.;2177.00;;;;;-22.323902000;-49.1042892000
350600305000481;CRUZAMENTO DA RUA CHILE COM A RUA RIACHUELO.;2172.50;;;;;-12.976391700;-38.5140026000
350600305000165;CRUZAMENTO DA AVENIDA ANTÔNIO REQUENA NEVADO COM A RUA BRAZ DI FLORA.;2118.81;;;;;-22.334483600;-49.1063913000
350600305000039; RUA CORREIA JUNIOR COM A RUA PROFESSOR CARLOS GOMES PEIXOTO DE MELLO.;2089.99;;;;;-23.646449300;-46.6523708000
350600305000081;RUA DOUTOR SÍLVIO LUIZ DA COSTA COM A AVENIDA ELIAS MIGUEL MALUF.;2066.85;;;;;-22.328253200;-49.1000493000
350600305000023; RUA GUSTAVO MACIEL COM A RUA GENERAL MARCONDES SALGADO.;2059.74;;;;;-22.327207100;-49.0696333000
350600305000020; RUA AFONSO PENA COM A RUA ALTO PURUS.;2057.60;;;;;-30.056588600;-51.2172076000
350600305000296;CRUZAMENTO DA RUA DOUTOR JOSÉ RANIERI COM A AVENIDA RODRIGUES ALVES.;2051.89;;;;;-22.327419800;-49.0463734000
350600305000029; RUA QUINTINO BOCAIÚVA COM A RUA QUINZE DE NOVEMBRO.;2046.60;;;;;-25.406470900;-49.2501197000
350600305000235;ENTRONCAMENTO DA RODOVIA MARECHAL RONDON SP-300 COM O PROLONGAMENTO DA RUA WALTER SPOTTI.;2032.52;;;;;-22.299182100;-49.0620225000
350600305000096;CRUZAMENTO DA ALAMEDA VISTA ALEGRE COM A ALAMEDA DAS PRIMAVERAS.;2025.08;;;;;-23.185969400;-47.5403922000
350600305000116;CRUZAMENTO DA RUA D'ANNUNCIO CAMMAROSANO COM A RUA CÉSAR RODRIGUES FERREIRA.;2020.43;;;;;-22.335926200;-49.1080332000
350600305000520;CRUZAMENTO DA RUA NAOKI SHINOHARA COM A RUA NATAL FORNAZARI.;2016.67;;;;;-22.319765000;-49.0092803000
350600305000082;RUA BENEDITO ELEUTÉRIO COM A RUA PROFESSOR CARLOS GOMES PEIXOTO DE MELLO.;1973.76;;;;;-22.324280600;-49.0959802000
350600305000141;CRUZAMENTO DA RUA FLORESTA COM A RUA SANTA ROSA.;1970.93;;;;;-5.754535900;-35.2273028000
350600305000249;ASILO DOS VELHOS DE BAURU DA SOCIEDADE SÃO VICENTE DE PAULA - LOCALIZADO NA RUA JORGE PIMENTEL 2-5 (VILA VICENTINA).;1968.60;;;;;-23.213206800;-47.4905442000
350600305000058;RUA CAIAPÓS COM A RUA EZEQUIEL RAMOS.;1953.64;;;;;-20.419143800;-49.9478114000
350600305000117;CRUZAMENTO DA RUA BRAZ DI FLORA COM A RUA ANTÔNIO PONCE PAZ.;1941.29;;;;;-22.330917200;-49.0993496000
350600305000115;ENTRONCAMENTO DA RUA BERNARDINO DE CAMPOS COM A RUA MARA LUCIA VIEIRA.;1941.19;;;;;-23.735032400;-46.4079210000
350600305000076;RUA ÂNGELO DE MORAES COM A RUA PASCHOAL ABIUZZI.;1936.28;;;;;-22.338489000;-49.1040989000
350600305000255;RESIDENCIAL JARDIM DOS DUQUES - RUA SEBASTIÃO PREGNOLATO NÚMERO 6-70.;1921.07;;;;;-23.213206800;-47.4905442000
350600305000077;RUA OLEGÁRIO MACHADO COM A RUA SALDANHA DA GAMA.;1914.09;;;;;-3.927722400;-41.7009902000
350600305000253;RUA CRISTIANO PAGANI E SEBASTIÃO PREGNOLATO NO PARQUE DAS CAMÉLIAS.;1903.84;;;;;-23.213206800;-47.4905442000
350600305000036; RUA BERNARDINO DE CAMPOS COM A RUA SABADINO SCRIPTORE.;1854.89;;;;;-23.735032400;-46.4079210000
350600305000086;RUA PRINCESA ISABEL COM A RUA ALTO ACRE.;1847.68;;;;;-20.094021700;-51.1099285000
350600305000038;WENCESLAU BRAZ.;1822.17;;;;;-22.384470400;-42.9816974000
350600305000183;ENTRONCAMENTO DA ALAMEDA DAS CRISANDALIAS COM A ALAMEDA DAS GLICINIAS.;1819.06;;;;;-22.002840500;-47.8931497000
350600305000185;CRUZAMENTO DA ALAMEDA DAS PAINEIRAS COM A ALAMEDA VITÓRIA RÉGIA.;1803.47;;;;;-16.382676000;-39.0452781000
350600305000046;RUA CAETANO CARIANI COM A RUA SILVA JARDIM.;1795.43;;;;;-22.319262700;-49.0900720000
350600305000190;CRUZAMENTO DA RODOVIA MARECHAL RONDON SP-300 COM A RUA ESPÍRITO SANTO.;1793.63;;;;;-23.213206800;-47.4905442000
350600305000040; RUA BENEDITO ELEUTÉRIO COM A RUA ALBUQUERQUE LINS.;1791.71;;;;;-22.324280600;-49.0959802000
350600305000140;ENTRONCAMENTO DA RUA JOSÉ FRANCISCO AUGUSTO COM A RUA OITO.;1778.10;;;;;-22.302365300;-49.0743660000
350600305000003;RUA PADRE NÓBREGA COM A RUA OLAVO BILAC.;1769.92;;;;;-20.132170100;-40.2014263000
350600305000057;RUA TUPINIQUINS COM A RUA MARCONDES SALGADO.;1766.47;;;;;-16.441632900;-39.0688942000
350600305000134;CRUZAMENTO DA RUA JOAQUIM RADICOPA COM A VIELA.;1762.46;;;;;-22.305075100;-49.0917939000
350600305000247;CRUZAMENTO DA RUA GALVÃO DE CASTRO COM A AVENIDA DUQUE DE CAXIAS.;1762.31;;;;;-22.328044700;-49.0459870000
350600305000067;RUA QUINTINO BOCAIÚVA COM A RUA DOMICIANO SILVA.;1761.92;;;;;-25.406470900;-49.2501197000
350600305000005;RUA AFONSO PENA COM A RUA CARLOS MARQUES.;1755.65;;;;;-30.056588600;-51.2172076000
350600305000080;RUA SILVÉRIO SPINELLI COM A RUA ANTÔNIO PEREIRA.;1748.59;;;;;-22.331355400;-49.1011649000
350600305000479;CRUZAMENTO DA RUA ALTO JURUÁ COM A RUA JOSÉ BONIFÁCIO.;1743.19;;;;;-22.307985500;-49.0969348000
350600305000053;RUA COMENDADOR LEITE COM A RUA BOA ESPERANÇA.;1735.61;;;;;-22.239977100;-43.7037248000
350600305000016; RUA PRIMEIRO DE MAIO COM A RUA OLAVO BILAC.;1734.27;;;;;-22.807950200;-47.2349406000
350600305000241;CRUZAMENTO DA RUA WALTER BERALDO COM A AVENIDA ROSA MALANDRINO MONDELLI.;1722.02;;;;;-22.307542500;-49.0503404000
350600305000118;CRUZAMENTO DA RUA ANTÔNIO PEREIRA COM A RUA SILVÉRIO SPINELLI.;1721.38;;;;;-11.225069900;-41.8708853000
350600305000187;ENTRONCAMENTO DA RODOVIA MARECHAL RONDON SP-300 COM O PROLONGAMENTO DA RUA EMÍLIO VIEGAS.;1721.32;;;;;-16.382676000;-39.0452781000
350600305000022; AVENIDA NACOES UNIDAS COM OS TRILHOS DA FERROBAN.;1717.10;;;;;-22.849811700;-43.6146418000
350600305000052;RUA AFONSO PENA COM A RUA TOMÉ DE SOUZA.;1700.66;;;;;-30.056588600;-51.2172076000
350600305000483;CRUZAMENTO DA RUA ALTO JURUÁ COM A RUA SANTOS DUMONT.;1691.74;;;;;-22.307985500;-49.0969348000
350600305000030; RUA CÉLIO DAIBEM COM A RUA JOSÉ AIELLO.;1674.01;;;;;-22.330879400;-49.0813202000
350600305000474;LAR E ESCOLA RAFAEL MAURICIO - LOCALIZADO NA RODOVIA BAURU-IACANGA KM 345.;1670.82;;;;;-22.319765000;-49.0092803000
350600305000004;RUA PADRE NÓBREGA COM A RUA CARLOS MARQUES.;1665.97;;;;;-20.132170100;-40.2014263000
350600305000085;RUA ANICETO ABELHA COM A RUA SILVA JARDIM.;1656.59;;;;;-22.309451500;-49.0919656000
350600305000166;CRUZAMENTO DA RUA ALEXANDRE FÁVERO COM A RUA ANTONIO PEREIRA.;1645.48;;;;;-22.334818100;-49.1073578000
350600305000098;CRUZAMENTO DA RUA AIMORÉS COM OS TRILHOS DA FERROBAN.;1645.45;;;;;-5.106612800;-42.8103603000
350600305000054;RUA SÃO PAULO COM A RUA BOA ESPERANÇA.;1641.78;;;;;-14.665974000;-52.3549652000
350600305000242;CRUZAMENTO DA RUA ALAGOAS COM A AVENIDA RODRIGUES ALVES.;1640.66;;;;;-22.858896500;-47.2023525000
350600305000472;CRUZAMENTO DA RODOVIA MARECHAL RONDON SP-300 COM CÓRREGO DA GABIROBA.;1640.31;;;;;-22.319765000;-49.0092803000
350600305000056;RUA PASCOAL LUCIANO, Nº 3-1.;1624.26;;;;;-14.665974000;-52.3549652000
350600305000019; RUA PADRE NÓBREGA COM A RUA ALTO JURUÁ.;1600.30;;;;;-20.132170100;-40.2014263000
350600305000161;CRUZAMENTO DA AVENIDA CASTELO BRANCO COM A RUA NICOLA CONSTANTINO.;1588.93;;;;;-23.464171300;-51.8617990000
350600305000236;ENTRONCAMENTO DA RUA CORONEL ANTÔNIO DE ÁVILA REBOUÇAS COM A RUA FELÍCIO ATALA.;1585.03;;;;;-22.299182100;-49.0620225000
350600305000112;CRUZAMENTO DA AVENIDA JOSÉ HENRIQUE FERRAZ COM A RUA EQUADOR.;1576.53;;;;;-22.352664700;-49.0967504000
350600305000006; VIADUTO JUSCELINO KUBITSCHEK COM OS TRILHOS DA FERROBAN.;1567.66;;;;;-30.056588600;-51.2172076000
350600305000230;CRUZAMENTO DA RUA PLÍNIO CAMARGO COM A DIVISA DA RODOVIA MARECHAL RONDON SP-300.;1555.08;;;;;-22.294190300;-49.0739153000
350600305000089;RUA FRANCISCO LEMOS ALMEIDA COM A RUA DOUTOR ASSIR REZE.;1550.93;;;;;-22.308317100;-49.0897515000
350600305000475;CRUZAMENTO DA DIVISA DO HORTO FLORESTAL DA FEPASA COM CONTRAFORTE CÓRREGO VARGEM LIMPA.;1544.87;;;;;-22.319765000;-49.0092803000
350600305000073;AVENIDA CASTELO BRANCO COM A RUA FAUSTO T. AMARAL.;1541.80;;;;;-23.464171300;-51.8617990000
350600305000031; TRILHOS DA FERROBAN COM A RUA ANTÔNIO ZUIANI.;1527.12;;;;;-22.322602900;-49.0815765000
350600305000214;CRUZAMENTO DA AVENIDA WALDEMAR GUIMARÃES FERREIRA COM A AVENIDA ELIAS MIGUEL MALUF.;1519.70;;;;;-22.328958900;-49.1187057000
350600305000088;RUA AGOSTINHO FORNETTI COM A RUA JOAQUIM RADICOPA.;1509.91;;;;;-22.301496200;-49.0849118000
350600305000094;RUA JOSÉ BONIFÁCIO COM O CÓRREGO DAS FLORES.;1509.38;;;;;-22.897646900;-45.3791231000
350600305000013; RUA CARLOS DE CAMPOS COM A RUA CAMPOS SALLES.;1507.26;;;;;-23.192143900;-49.3836318000
350600305000068;RUA MARECHAL FLORIANO PEIXOTO COM A RUA DOMICIANO SILVA.;1502.22;;;;;-15.661174900;-56.1210616000
350600305000083;RUA DOUTOR SÍLVIO LUIZ DA COSTA COM OS TRILHOS DA NOVOEST.;1501.36;;;;;-22.324280600;-49.0959802000
350600305000535;CRUZAMENTO DA DIVISA DA PROPRIEDADE DA FAMÍLIA SIMÕES (EXCLUSIVE) COM OS TRILHOS DA FERROBAN.;1501.00;;;;;-22.363777000;-49.0909131000
350600305000428;CRUZAMENTO DA RUA JORGE SCHNEYDER FILHO COM O PROLONGAMENTO DA RUA LAZARO FERNANDES DE LIMA.;1494.22;;;;;-22.323688400;-49.0191863000
350600305000009;TRILHOS DA FERROBAN COM O VIADUTO DA FALCÃO.;1491.34;;;;;-27.093891850;-48.9205327400
350600305000146;CRUZAMENTO DA RUA CAPITÃO EDUARDO COUTINHO COM A RUA PRESIDENTE KENNEDY.;1489.75;;;;;-22.317553800;-49.0583330000
350600305000084;RUA JUSAKU MATSUMOTO COM A RUA MANOEL F. GRILLO.;1482.57;;;;;-22.310452700;-49.0959294000
350600305000232;ENTRONCAMENTO DA RODOVIA MARECHAL RONDON SP-300 COM A RUA JOÃO VIRGÍNIO DE SOUZA.;1480.20;;;;;-23.213206800;-47.4905442000
350600305000008;PRAÇA DAS BANDEIRAS COM A AVENIDA RODRIGUES ALVES.;1469.90;;;;;-27.093891850;-48.9205327400
350600305000012; RUA SILVEIRA MARTINS COM A RUA DOS ANDRADAS.;1468.67;;;;;-29.679701500;-51.1260514000
350600305000393;ENTRONCAMENTO DA RUA DOS FERROVIÁRIOS COM A RUA DOS MECÂNICOS.;1465.61;;;;;-20.467429300;-55.7835737000
350600305000018; RUA PRIMEIRO DE MAIO COM A RUA SANTA RITA.;1460.73;;;;;-22.807950200;-47.2349406000
350600305000001;RUA MARTIN AFONSO COM A RUA VITAL BRASIL.;1460.31;;;;;-22.384470400;-42.9816974000
350600305000133;CRUZAMENTO DA RUA DOUTOR ARTHUR DE CARVALHO COM A RUA CAPITÃO MÁRIO ROSSI.;1448.63;;;;;-22.254767700;-45.6877546000
350600305000139;CRUZAMENTO DA RUA JOÃO IGNÁCIO SANTINHO COM A RUA JOAQUIM F. MELLO.;1445.21;;;;;-22.305063400;-49.0771414000
350600305000473;ESTAÇAO ECOLÓGICA DE BAURU - CRUZAMENTO DE DIVISA DE SEBASTIÃO ALEIXO DA SILVA COM DIVISAS DE DOUTOR HILDEBRANDO T. DE CARVALHO.;1443.85;;;;;-22.319765000;-49.0092803000
350600305000130;CRUZAMENTO DA RUA JUSAKU MATSUMOTO COM A RUA SILVA JARDIM.;1442.23;;;;;-22.310452700;-49.0959294000
350600305000189;CRUZAMENTO DA RODOVIA MARECHAL RONDON SP-300 COM A DIVISA DA AVENIDA RODRIGUES ALVES.;1438.76;;;;;-23.213206800;-47.4905442000
350600305000097;CRUZAMENTO DA AVENIDA NAÇÕES UNIDAS COM A AVENIDA DOUTOR NUNO DE ASSIS.;1424.75;;;;;-5.106612800;-42.8103603000
350600305000048;RUA HILDEBRANDO DE CARVALHO COM A RUA ISMAEL MARINHO FALCÃO.;1422.06;;;;;-12.161179400;-45.0041883000
350600305000017; RUA PRIMEIRO DE MAIO COM A RUA CARLOS MARQUES.;1419.52;;;;;-22.807950200;-47.2349406000
350600305000371;CRUZAMENTO DA RUA SANTA PAULA COM A RUA SÃO LUCAS.;1415.40;;;;;-3.799343600;-38.6240984000
350600305000489;CRUZAMENTO DA RUA BERNARDINO DE CAMPOS COM A RUA HELIO CAMELO AGUIAR.;1414.80;;;;;-23.735032400;-46.4079210000
350600305000093;RUA LUIZ VENDRAMINI COM A RUA CORONEL ALVES SEABRA.;1397.17;;;;;-22.897646900;-45.3791231000
350600305000346;CRUZAMENTO DOS TRILHOS DA FERROBAN COM O PROLONGAMENTO DA RUA PAULINO RAPHAEL.;1396.04;;;;;-22.351948300;-49.0588612000
350600305000091;RUA PRIMEIRO DE MAIO COM A RUA MARCÍLIO DIAS.;1395.86;;;;;-22.807950200;-47.2349406000
350600305000037; RUA MARTIN AFONSO COM A RUA VENCESLAU BRÁS.;1392.65;;;;;-22.384470400;-42.9816974000
350600305000207;CRUZAMENTO DA RUA GIOCONDO TURINI COM A RUA CRISTÓVÃO SANCHES.;1391.30;;;;;-22.356851700;-49.1044561000
350600305000363;ENTRONCAMENTO DA RUA X COM A RUA PEDRO SALVADOR.;1390.18;;;;;-11.311193900;-41.8424533000
350600305000373;CRUZAMENTO DA RUA BENEDITO RIBEIRO DOS SANTOS COM A RUA ADANTE GIGO.;1382.22;;;;;-22.334561200;-49.0343943000
350600305000229;CRUZAMENTO DA RUA BELMIRO PEREIRA COM A ALAMEDA MANOEL FIGUEIREDO.;1379.59;;;;;-5.880269800;-35.2080069000
350600305000092;RUA LUIZ VENDRAMINI COM A RUA MANOEL RODRIGUES MADUREIRA.;1379.18;;;;;-22.897646900;-45.3791231000
350600305000014; RUA JOSÉ DE ALENCAR COM A RUA SÃO VICENTE.;1378.41;;;;;-23.697024300;-46.3719834000
350600305000212;CRUZAMENTO DA RUA EDILSON ALVES DE CARVALHO COM A RUA ITACURUCA.;1377.56;;;;;-22.337305500;-49.1097069000
350600305000129;CRUZAMENTO DA ALAMEDA ATHENAS COM A ALAMEDA PLUTÃO.;1369.44;;;;;-22.308533300;-49.0996309000
350600305000034; RUA CHILE COM A AVENIDA CASTELO BRANCO.;1361.05;;;;;-12.976391700;-38.5140026000
350600305000494;CRUZAMENTO DA AVENIDA VICENTE AIELOCOM MURO DE DIVISA DO RESIDENCIAL TIVOLI II.;1358.58;;;;;-22.318973500;-49.0556085000
350600305000228;CRUZAMENTO DA RUA BELMIRO PEREIRA COM A RUA GUIDO PADOVANI.;1357.92;;;;;-5.880269800;-35.2080069000
350600305000087;RUA ANICETO ABELHA COM A RUA ALTO JURUÁ.;1350.64;;;;;-22.309451500;-49.0919656000
350600305000021; RUA SAO PAULO COM A RUA BELA VISTA.;1345.47;;;;;-22.849811700;-43.6146418000
350600305000500;CRUZAMENTO DA RUA ITACURUÇÁ COM MURO DE DIVISA DO NÚCLEO HABITACIONAL BOSQUE DA SAÚDE.;1341.99;;;;;-7.554321000;-35.0090230000
350600305000176;CRUZAMENTO DA RUA FELIPE OLIVE COM A RUA ÂNGELO PASCOAL.;1341.71;;;;;-22.307829200;-49.0987962000
350600305000049;RUA PRIMEIRO DE MAIO COM A RUA BELA VISTA.;1335.82;;;;;-22.807950200;-47.2349406000
350600305000178;CRUZAMENTO DA RUA FELIPE PARDO COM A RUA JOSÉ DARIO.;1334.00;;;;;-22.304758200;-49.0979956000
350600305000002;RUA SANTO ANTÔNIO COM A RUA MARCONI.;1330.85;;;;;-1.359831400;-48.4412983000
350600305000090;RUA FRANCISCO LEMOS ALMEIDA COM A RUA CORONEL ALVES SEABRA.;1330.05;;;;;-22.308317100;-49.0897515000
350600305000401;CRUZAMENTO DA RUA SANTA FRANCISCA DE CHANTAL COM A VIA DE ACESSO ENGENHEIRO HORÁCIO FREDERICO PYLES.;1327.67;;;;;-22.316391300;-49.0282538000
350600305000234;ENTRONCAMENTO DA RUA CORONEL ANTÔNIO DE ÁVILA REBOUÇAS COM A RUA MÁRIO BUENO SALLES.;1321.37;;;;;-22.299182100;-49.0620225000
350600305000404;CRUZAMENTO DA RUA SANTA FRANCISCA DE CHANTAL COM A AVENIDA CRUZEIRO DO SUL.;1315.87;;;;;-22.316391300;-49.0282538000
350600305000007;PRACA MACHADO DE MELLO COM A RUA PRIMEIRO DE AGOSTO.;1311.43;;;;;-22.323656800;-49.0782714500
350600305000163;CRUZAMENTO DA RUA VIDAL IGNÁCIO RODRIGUES COM A RUA MATHEUS TARZIA.;1310.64;;;;;-22.345143000;-49.1025099000
350600305000072;RUA CHILE COM A RUA PREFEITO ALVES DE LIMA.;1302.65;;;;;-12.976391700;-38.5140026000
350600305000419;ENTRONCAMENTO DA RUA SETE COM A DIVISA DO NÚCLEO HABITACIONAL BAURU UM.;1295.06;;;;;-22.861205400;-42.5937501000
350600305000508;CRUZAMENTO DA RODOVIA COMANDANTE JOÃO RIBEIRO DE BARROS SP-294 BAURU / MARÍLIA COM O PROLONGAMENTO DA RUA PEDRO ROSSI.;1292.49;;;;;-22.334561200;-49.0343943000
350600305000132;CRUZAMENTO DA RUA CAPITÃO MARIO ROSSI COM A RUA ÂNGELO COLACINO.;1287.26;;;;;-22.304218500;-49.0930719000
350600305000145;COMPREENDE EXCLUSIVAMENTE O CONDOMÍNIO RESIDENCIAL VILA INGLESA - SITUADO NA RUA MARCONDES SALGADO, 17/77.;1287.09;;;;;-22.306726100;-49.0631951000
350600305000372;CRUZAMENTO DA RUA BENEDITO RIBEIRO DOS SANTOS COM A AVENIDA CRUZEIRO DO SUL.;1282.54;;;;;-22.334561200;-49.0343943000
350600305000266;CRUZAMENTO DA RUA MARIA HONORIA D'AVILA ENGLER COM A RUA BERNARDINO DE CAMPOS.;1277.36;;;;;-22.341242600;-49.1093417000
350600305000340;CRUZAMENTO DA RUA ARFEH EL TIMANI COM A RUA JOÃO VITICA.;1276.14;;;;;-22.318438400;-49.0341005000
350600305000405;CRUZAMENTO DA RUA JOÃO ESTEVES DE SOUZA COM A RUA RAFAEL PEREIRA MARTINI.;1275.43;;;;;-22.320903700;-49.0279603000
350600305000284;CRUZAMENTO DA RUA JOSÉ MARQUES FILHO COM A RUA CÓRREGO DO PALMITAL.;1266.23;;;;;-5.192442500;-39.3011994000
350600305000047;RUA CAETANO CARIANI COM A RUA JOSÉ TORRES BRITO.;1265.38;;;;;-22.319262700;-49.0900720000
350600305000427;CRUZAMENTO DA RUA ARGEMIRO JORGE FERRAZ COM A RUA MARIA DE LOURDES ALMEIDA CAMARGO.;1263.91;;;;;-22.323688400;-49.0191863000
350600305000426;CRUZAMENTO DA AVENIDA LÚCIO LUCIANO COM A RUA RAFAEL PEREIRA MARTINI.;1260.01;;;;;-22.333462500;-49.0226772000
350600305000074;RUA JOSÉ MIGUEL COM A RUA GENKITI TAKAHASHI.;1258.88;;;;;-9.634184500;-36.5805499000
350600305000238;ENTRONCAMENTO DA RUA BAURU COM A RUA BENITO JOSÉ ALLEGRO.;1258.68;;;;;-22.688085800;-43.4547222000
350600305000179;CRUZAMENTO DA RUA ÂNGELO PASCOAL COM A RUA LUÍS DE SOUZA.;1251.53;;;;;-23.394445750;-46.3328209500
350600305000374;CRUZAMENTO DA RUA ANYSIO CASTILHO DE SOUZA COM A RUA ADANTE GIGO.;1250.69;;;;;-22.323959900;-49.0271961000
350600305000265;CRUZAMENTO DA RUA MOACIR TEIXEIRA COM A RUA PEDRO FERNANDES.;1247.83;;;;;-22.901116600;-48.4374831000
350600305000409;CRUZAMENTO DA AVENIDA DO HIPODROMO COM A RUA ANTÔNIO MANOEL DA COSTA.;1245.00;;;;;22.212727300;113.5523645000
350600305000237;CRUZAMENTO DA RUA VALDEMIR NUNES MEDEIROS COM A RUA LUIZ CARRER.;1243.77;;;;;-22.303335100;-49.0563027000
350600305000184;CRUZAMENTO DA ALAMEDA CÔNEGO ANIBAL DI FRANCIA COM A ALAMEDA DAS ANGÉLICAS.;1240.61;;;;;-22.298020200;-49.0703413000
350600305000044;RUA DARWIN JESUS BORDIN COM A RUA EUGÊNIO BORRO.;1237.88;;;;;-22.317942600;-49.0921957000
350600305000113;CRUZAMENTO DA RUA JOSÉ MIGUEL COM A RUA KANEAKI IJUIM.;1229.24;;;;;-9.634184500;-36.5805499000
350600305000125;CRUZAMENTO DA RUA SOLDADO GERALDO ALVES CARVALHO COM A AVENIDA PINHEIRO MACHADO.;1223.83;;;;;-22.319387200;-49.1096200000
350600305000501;CRUZAMENTO DA RUA EDSON PEREIRA LEITE COM RUA JUVENAL BASTOS.;1220.31;;;;;-7.554321000;-35.0090230000
350600305000408;CRUZAMENTO DA AVENIDA LÚCIO LUCIANO COM A RUA LUZIA P. SAMOGIN.;1217.26;;;;;-22.333462500;-49.0226772000
350600305000011; RUA PRUDENTE DE MORAIS COM A RUA JOSÉ BASTOS.;1213.89;;;;;-21.756684500;-48.8355326000
350600305000071;AVENIDA JOSÉ HENRIQUE FERRAZ COM A RUA VENEZUELA.;1211.92;;;;;-22.352664700;-49.0967504000
350600305000364;CRUZAMENTO DA AVENIDA JOSÉ AMBRÓSIO COM A RUA FRANCISCO MALANDRINO.;1210.25;;;;;13.537234850;-87.4906484700
350600305000362;ENTRONCAMENTO DA RUA I1 COM A RUA PEDRO SALVADOR.;1209.97;;;;;-9.559612700;-35.7128070000
350600305000131;CRUZAMENTO DA RUA JOSÉ COSTA RIBEIRO COM A RUA ALTO DO JURUÁ.;1208.58;;;;;-22.311124500;-49.0947327000
350600305000095;RUA JOSÉ BONIFÁCIO COM A RUA VICENTE BARBUGIANI.;1206.22;;;;;-22.010499600;-47.8938558000
350600305000295;CRUZAMENTO DA RUA SYLVIO BOMBINI FILHO COM A RUA ALEXANDRE JORGE NASRALLA.;1205.06;;;;;-22.302826500;-49.0500640000
350600305000160;CRUZAMENTO DA AVENIDA JOSÉ HENRIQUE FERRAZ COM A RUA BOLÍVIA.;1202.09;;;;;-22.352664700;-49.0967504000
350600305000425;CRUZAMENTO DA RUA TEODORO ALVARES COM A AVENIDA CRUZEIRO DO SUL.;1201.24;;;;;-22.317816500;-49.0228414000
350600305000263;CRUZAMENTO DA RUA TOMAS BOSCO COM A RUA ARMINIO CANDIDO DO CARMO.;1200.57;;;;;-8.906947250;-36.4957062000
350600305000211;CRUZAMENTO DA RUA EDILSON ALVES DE CARVALHO COM A RUA MÁRIO GONZAGA JUNQUEIRA.;1196.62;;;;;-22.337305500;-49.1097069000
350600305000402;CRUZAMENTO DA RUA SANTA FRANCISCA DE CHANTAL COM A RUA SÃO LUCAS.;1196.08;;;;;-22.316391300;-49.0282538000
350600305000353;CRUZAMENTO DA RODOVIA COMANDANTE JOÃO RIBEIRO DE BARROS SP-294 BAURU/MARÍLIA COM A ESTRADA PARA O HOSPITAL PSIQUIÁTRICO (SOCIEDADE BENEFICENTE CRISTÃ).;1195.30;;;;;-22.326351300;-49.4333904000
350600305000119;CRUZAMENTO DA RUA BERNARDINO PEREIRA COM A RUA PROFESSOR ANTÔNIO GUEDES DE AZEVEDO.;1190.10;;;;;41.006255200;-8.5892330000
350600305000269;CRUZAMENTO DA RUA ITACURUCA COM A RUA EDILSON ALVES DE CARVALHO.;1189.50;;;;;-22.517179200;-44.1353423000
350600305000231;CRUZAMENTO DA RUA EUGÊNIO PAULUCCI COM A AVENIDA JÂNIO DA SILVA QUADROS.;1171.44;;;;;-22.300323000;-49.0693657000
350600305000262;CRUZAMENTO DA AVENIDA NOSSA SENHORA DE FÁTIMA COM A RUA SEMI GEBARA.;1164.53;;;;;-22.798601900;-45.1743234000
350600305000390;ENTRONCAMENTO DA RUA DOS MARCENEIROS COM A RUA DOS CARTEIROS.;1163.20;;;;;41.261126600;-8.3382595000
350600305000429;CRUZAMENTO DA RUA IRMÃOS DO SAGRADO CORAÇÃO COM A RUA CLÁUDIO C. LOURENÇO.;1162.68;;;;;-22.330917500;-49.0204956000
350600305000502;CRUZAMENTO DA RUA LUIZ SILVESTRE COM AVENIDA ALCIDES LIMÃO GARCIA.;1160.58;;;;;37.154310950;-8.5506927070
350600305000314;CRUZAMENTO DA RODOVIA COMANDANTE JOÃO RIBEIRO DE BARROS SP-294 BAURU/MARÍLIA COM OS TRILHOS DA FERROBAN.;1152.88;;;;;-21.231776700;-50.5224911000
350600305000437;ENTRONCAMENTO DA RUA ÂNGELO MIELLE COM A RUA ARMANDO TURTELLI.;1151.91;;;;;-22.304938600;-49.0057630000
350600305000264;CRUZAMENTO DA RUA TAMANDARE COM A RUA PEDRO FERNANDES.;1145.38;;;;;-22.822200000;-45.1958806000
350600305000287;CRUZAMENTO DA RUA JOSÉ MAURÍCIO ALMEIDA COM A RODOVIA BAURU/IACANGA SP-321.;1144.05;;;;;-22.922497300;-45.4690862100
350600305000177;CRUZAMENTO DA RUA FELIPE PARDO COM A RUA ÂNGELO COLACINO.;1140.27;;;;;-22.304758200;-49.0979956000
350600305000175;CRUZAMENTO DA ALAMEDA ALEXANDRIA COM A AVENIDA ENGENHEIRO PAULO DE FRONTIN.;1138.41;;;;;-22.309457400;-49.1015272000
350600305000208;CRUZAMENTO DA AVENIDA CASTELO BRANCO COM A RUA VENUTO SAVIO.;1137.35;;;;;-23.464171300;-51.8617990000
350600305000397;ENTRONCAMENTO DA RUA JOSÉ AZEVEDO MAIA COM A AVENIDA ANTÔNIO FORTUNATO.;1134.57;;;;;-8.009827700;-34.9244754000
350600305000312;ENTRONCAMENTO DA ALAMEDA TRÊS LAGOAS COM A AVENIDA ELIAS MIGUEL MALUF.;1128.41;;;;;-22.321418100;-49.1272217000
350600305000375;CRUZAMENTO DA RUA OCTACÍLIO DE ANDRADE TOURINHO COM A RUA ANTÔNIO MANOEL COSTA.;1127.66;;;;;-22.326648800;-49.0306688000
350600305000433;ENTRONCAMENTO DA RUA PEDRO DE CASTRO PEREIRA COM A DIVISA DA FAZENDA SÃO JOÃO.;1126.54;;;;;-22.267526800;-49.0737071000
350600305000388;CRUZAMENTO DA RUA DEZENOVE COM A RUA LUCY JABUR DAMIÃO.;1125.45;;;;;-10.871763900;-37.0805278000
350600305000503;CRUZAMENTO DA ALAMEDA DOUTOR OCTAVIO PINHEIRO BRIZOLA COM RUA PROFESSOR DURVAL GUEDES DE AZEVEDO.;1123.07;;;;;37.154310950;-8.5506927070
350600305000432;ENTRONCAMENTO DA RUA OSCAR SWENSON COM A RUA ERNESTO CASERIO.;1120.71;;;;;-22.269601900;-49.0761495000
350600305000434;CRUZAMENTO DA RUA PEDRO DE CASTRO PEREIRA COM O PROLONGAMENTO DA RUA WALTER SILVA.;1117.75;;;;;-22.267526800;-49.0737071000
350600305000206;CRUZAMENTO DA AVENIDA JOSÉ HENRIQUE FERRAZ COM A RUA FÁBIO GERALDO.;1110.64;;;;;-22.352664700;-49.0967504000
350600305000315;CRUZAMENTO DA RUA SEBASTIÃO JOAQUIM SAMPAIO COM A RUA OLINDO BATISTA.;1107.29;;;;;-22.313251100;-49.1263101000
350600305000128;CRUZAMENTO DA ALAMEDA ALEXANDRINA COM A ALAMEDA PLUTÃO.;1102.82;;;;;-1.124544500;-48.4472327000
350600305000162;CRUZAMENTO DA RUA JOSÉ MIGUEL COM A RUA MATEUS TARZIA.;1092.75;;;;;-9.634184500;-36.5805499000
350600305000488;CRUZAMENTO DA RUA ALASKA COM RUA PARAGUAI.;1090.84;;;;;-5.107620900;-42.7859315000
350600305000460;CRUZAMENTO DA RUA EDSON PEREIRA LEITE COM A RUA JUVENAL BASTOS.;1089.18;;;;;-22.305190800;-49.1097540000
350600305000515;CRUZAMENTO DA RUA LUIZ TENTOR COM A RODOVIA JOÃO BATISTA CABRAL RENNÓ (BAURU / PIRATININGA).;1073.07;;;;;-22.364357100;-49.0441340000
350600305000136;CRUZAMENTO DA RUA LUIZ BATISTA COM O CÓRREGO DAS FLORES II.;1065.35;;;;;-22.305075100;-49.0917939000
350600305000417;ENTRONCAMENTO DA RUA LUIZ DE OLIVEIRA NETO COM A RUA PAULO HÚNGARO.;1060.33;;;;;-22.274089000;-49.0657322000
350600305000168;CRUZAMENTO DA AVENIDA WALDEMAR G. FERREIRA COM A AVENIDA PINHEIRO MACHADO.;1049.33;;;;;-20.740603800;-48.9101454000
350600305000240;CRUZAMENTO DA RUA JOSÉ ANTÔNIO BARRETO COM A RUA BENITO JOSÉ ALLEGRO.;1040.23;;;;;-22.304272700;-49.0525126000
350600305000406;CRUZAMENTO DA AVENIDA DO HIPÓDROMO COM A RUA RAFAEL PEREIRA MARTINI.;1039.53;;;;;22.212727300;113.5523645000
350600305000186;ENTRONCAMENTO DA RODOVIA MARECHAL RONDON SP-300 COM O PROLONGAMENTO DA RUA DOS ESTUDANTES.;1038.57;;;;;-16.382676000;-39.0452781000
350600305000367;CRUZAMENTO DA RUA CONSTANTINO FILHO COM A RUA PEDRO JORDÃO RODRIGUES.;1032.72;;;;;-13.716628500;-39.3569501000
350600305000283;CRUZAMENTO DA RUA DOMINGOS DE OLIVA COM A RUA NELSON TOSONI DE CARLIS.;1030.35;;;;;38.644707600;-9.2076142000
350600305000391;ENTRONCAMENTO DA AVENIDA DOS AÇOUGUEIROS COM A RUA DAS SECRETÁRIAS.;1013.05;;;;;-22.277388600;-49.0880231000
350600305000069;TRILHOS DA FERROBAN COM O PROLONGAMENTO DA RUA JÚLIO MARINGONI.;1010.80;;;;;-15.661174900;-56.1210616000
350600305000010; AVENIDA ALFREDO MAIA COM A PRAÇA ESPANHA.;1010.11;;;;;-22.327251100;-49.0827755000
350600305000335;CRUZAMENTO DA AVENIDA MARCOS DE PAULA RAPHAEL COM A RUA ALBERTO PAULOVICH.;1006.85;;;;;-22.295505700;-49.0457177000
350600305000181;CRUZAMENTO DA RUA BELMIRO PEREIRA COM A ALAMEDA NOSSA SENHORA DO ROSÁRIO.;1002.52;;;;;-5.880269800;-35.2080069000
350600305000370;CRUZAMENTO DA RUA SANTA MARIA GORETTI COM A AVENIDA HORÁCIO FREDERICO PYLES.;998.82;;;;;-10.744309300;-37.8010598000
350600305000337;CRUZAMENTO DA AVENIDA MARCOS DE PAULA RAPHAEL COM A RUA VICTOR LEANDRO DOMINGUES.;989.22;;;;;-22.295505700;-49.0457177000
350600305000376;CRUZAMENTO DA RUA ENGENHEIRO XERXES RIBEIRO DOS SANTOS COM A RUA MARECHAL DEODORO.;986.28;;;;;-22.335248300;-49.0324821000
350600305000273;CRUZAMENTO DA RUA SÃO ROQUE COM A RUA SEGUNDO SARGENTO JOSÉ MENDES LEAL.;985.64;;;;;-7.737637200;-37.9930232000
350600305000302;ENTRONCAMENTO DOS TRILHOS DA FERROBAN COM O PROLONGAMENTO DA RUA DOUTOR ARMANDO PIERONI.;984.17;;;;;-22.351948300;-49.0588612000
350600305000041; RUA PIATAN COM OS TRILHOS DA NOVOESTE.;978.01;;;;;-22.324280600;-49.0959802000
350600305000222;CRUZAMENTO DA ALAMEDA DESCARTES COM A RUA PROFESSOR AYRTON BUSCH.;976.54;;;;;-22.306897100;-49.1064831000
350600305000431;CRUZAMENTO DA RUA JOSÉ PIRES DE CAMARGO COM A RUA ALZIRO ZARUR.;974.97;;;;;-23.171946100;-45.8043972000
350600305000333;CRUZAMENTO DA AVENIDA MARCOS DE PAULA RAPHAEL COM A RUA PEDRO SALVADOR.;971.64;;;;;-22.295505700;-49.0457177000
350600305000507;CRUZAMENTO DA RUA BENEDITO RIBEIRO DOS SANTOS COM A RUA ANTÔNIO MANOEL COSTA.;965.04;;;;;-22.334561200;-49.0343943000
350600305000392;ENTRONCAMENTO DA RUA DOS GRÁFICOS COM A RUA DOS MECÂNICOS.;962.85;;;;;-23.177143200;-45.8417891000
350600305000182;CRUZAMENTO DA AVENIDA PRESIDENTE JANIO QUADROS COM A RUA GUERNICA.;961.92;;;;;-23.743641700;-46.8062888000
350600305000368;ENTRONCAMENTO DA RUA LUIZ TADEU FRANCELOSO BERRO COM A RUA MARIA DA CONCEIÇÃO.;955.10;;;;;-22.301719700;-49.0328555000
350600305000534;CRUZAMENTO DA RINALDO FRANCO DE CAMARGO COM A DIVISA DO CONDOMÍNIO RESIDENCIAL LAGO DO SUL.;953.00;;;;;-22.363777000;-49.0909131000
350600305000339;CRUZAMENTO DA RUA HENRIQUE HUNZICKER COM A RUA MIGUEL GIMENEZ FILHO.;946.96;;;;;-22.318677300;-49.0354011000
350600305000239;CRUZAMENTO DA RUA PROFESSORA OLGA SANTORE CASAL COM O PROLONGAMENTO DA RUA ISSAC BROBA.;946.95;;;;;-22.688085800;-43.4547222000
350600305000424;ENTRONCAMENTO DA RUA TREZE COM A AVENIDA SANTA BEATRIZ DA SILVA.;943.57;;;;;-15.618246950;-56.0574430100
350600305000369;CRUZAMENTO DA AVENIDA ENGENHEIRO HÉLIO POLICE COM A ROTATÓRIA DE ACESSO AO JARDIM REDENTOR.;938.12;;;;;-22.316591500;-49.0330509000
350600305000110;CRUZAMENTO DA RUA CHIYO OTAKE COM A RUA VENEZUELA.;934.24;;;;;-22.347029900;-49.0845111000
350600305000270;CRUZAMENTO DA CHÁCARA CORNÉLIA COM A AVENIDA DAS BANDEIRAS.;931.83;;;;;-22.223960700;-54.8275028000
350600305000313;CRUZAMENTO DA AVENIDA SÃO PAULO COM A ALAMEDA CORUMBÁ.;926.91;;;;;-21.231776700;-50.5224911000
350600305000143;CRUZAMENTO DA ALAMEDA DAS HORTÊNCIAS COM A ALMEDA DOS CRAVOS.;924.34;;;;;-20.118935500;-43.9663514000
350600305000398;CRUZAMENTO DA RUA JOSÉ AZEVEDO MAIA COM A RUA PAULO HÚNGARO.;919.78;;;;;-8.009827700;-34.9244754000
350600305000290;CRUZAMENTO DO CÓRREGO BARREIRINHO COM RUA VINTE E SEIS ( NO N.H. BAURU 2.000).;916.96;;;;;-8.296874500;-35.9855012000
350600305000032; RUA JOÃO BATISTA DE ALMEIDA COM A RUA NEWTON PRADO.;914.48;;;;;-19.494912000;-40.6568559000
350600305000233;ENTRONCAMENTO DA RODOVIA MARECHAL RONDON SP-300 COM O PROLONGAMENTO DA RUA DOUTOR DANILO CAMPANA.;913.98;;;;;-23.213206800;-47.4905442000
350600305000420;ENTRONCAMENTO DA RUA SETE COM A RUA CINCO.;907.45;;;;;-22.861205400;-42.5937501000
350600305000282;CRUZAMENTO DA RUA LUCIENE AVALONE COM A RUA JOSÉ MARQUES CUSTÓDIO.;906.26;;;;;-22.306744100;-49.1076595000
350600305000135;CRUZAMENTO DA RUA PROFESSOR OTHILA S. BRISOLLA COM RUA CORONEL ALVES SEABRA.;891.45;;;;;-22.305075100;-49.0917939000
350600305000493;CRUZAMENTO DA RUA SAINT MARTIN COM RUA ANTÔNIO GARCIA.;888.96;;;;;-22.318973500;-49.0556085000
350600305000415;CRUZAMENTO DA RODOVIA MARECHAL RONDON SP300 COM A LINHA DE TRANSMISSÃO DA CESP.;884.11;;;;;-21.367505600;-50.2836816000
350600305000329;CRUZAMENTO DA RUA LAZARO VILAR COM A RUA JOSÉ LIMAO GARCIA.;876.41;;;;;-22.291206700;-49.0588125000
350600305000015; RUA CAETANO CARIANI COM A RUA SANTA TEREZINHA.;875.65;;;;;-22.319262700;-49.0900720000
350600305000326;CRUZAMENTO DA AVENIDA A COM A RUA GERALDA DE OLIVEIRA PRADO.;875.11;;;;;-22.851062200;-43.6020256000
350600305000304;CRUZAMENTO DA RUA TOMAZ BOSCO COM A RU AJOSÉ BUENO CAMARGO SOBRINHO.;872.54;;;;;-22.357220500;-49.1030760000
350600305000423;ENTRONCAMENTO DA RUA JORGE SCHNEYDER FILHO COM A AVENIDA SANTA BEATRIZ DA SILVA.;867.33;;;;;-22.315643500;-49.0187899000
350600305000223;CRUZAMENTO DA ALAMEDA PASCAL COM A RUA PROFESSOR FRANCISCO AYRTON BUSCH.;864.27;;;;;-22.303120400;-49.1072170000
350600305000413;CRUZAMENTO DA RUA LUIZ TENTOR COM A RUA ADOLFO JOSÉ AIELO.;859.25;;;;;-22.364357100;-49.0441340000
350600305000403;CRUZAMENTO DA RUA CARLOS GIAXA COM A RUA ALBERTO PASQUARELLI.;858.42;;;;;-22.314932200;-49.0262501000
350600305000213;ENTRONCAMENTO DA AVENIDA DAS BANDEIRAS COM A RUA ANTÔNIO PEREIRA.;856.06;;;;;-20.433794200;-40.3633292000
350600305000303;CRUZAMENTO DA RUA NELSON MORTARI COM A RUA JOSÉ BUENO CAMARGO SOBRINHO.;855.41;;;;;-22.362946400;-49.1011311000
350600305000414;CRUZAMENTO DA RUA ANGELINA BERTELLI COM RUA MARIA JOSÉ TEODORO DARESCO.;844.03;;;;;-22.364357100;-49.0441340000
350600305000226;CRUZAMENTO DA RUA TENENTE JOAQUIM DA COSTA GUIMARÃES COM A RUA ANTÔNIO JOSÉ PARENTE.;836.92;;;;;-22.293780300;-49.0830327000
350600305000435;CRUZAMENTO DA RUA JOAQUIM BOTEON COM A RUA JOAQUIM AUGUSTO DA COSTA.;826.04;;;;;-22.267898600;-49.0682172000
350600305000277;CRUZAMENTO DA RUA PEDRO GIRALDI COM A DIVISA DA RODOVIA COMANDANTE JOÃO RIBEIRO DE BARROS SP-294 BAURU/ MARÍLIA.;822.39;;;;;-22.305947600;-49.1176290000
350600305000279;CRUZAMENTO DA RUA PEDRO ÁLVARES MANSERA COM A RUA JOSÉ CLÁUDIO DE LIMA.;818.69;;;;;-22.304992200;-49.1153707000
350600305000469;CRUZAMENTO DA RUA CÍCERO BISPO DE SOUZA COM A RUA LOURENÇO CAPRIOLLI.;818.00;;;;;-22.327888000;-49.0279299000
350600305000407;CRUZAMENTO DA AVENIDA DO HIPÓDROMO COM A RUA RODOLF FRONEK.;817.83;;;;;22.212727300;113.5523645000
350600305000365;CRUZAMENTO DA AVENIDA JOSÉ AMBRÓSIO COM A RUA RUTH RODRIGUES MADURO DOS SANTOS.;817.32;;;;;13.537234850;-87.4906484700
350600305000274;CRUZAMENTO DA RUA ALBANO CAPELA COM A RUA SÃO SEBASTIÃO.;817.03;;;;;-27.181998200;-53.6310213000
350600305000325;CRUZAMENTO DA RODOVIA MARECHAL RONDON SP-300 COM A RUA DOS SAPATEIROS.;801.34;;;;;-23.213206800;-47.4905442000
350600305000352;CRUZAMENTO DA RODOVIA COMANDANTE JOÃO RIBEIRO DE BARROS SP-294 BAURU/MARÍLIA COM A RUA NICANOR RODRIGUES.;800.00;;;;;-22.326351300;-49.4333904000
350600305000395;ENTRONCAMENTO DA RUA WALTER HUGO BARRETO CORREIA COM A RUA ANTÔNIO HOJAS.;796.28;;;;;-22.275489800;-49.0826282000
350600305000416;CRUZAMENTO DA RUA OSCAR SWENSON COM A RUA PEDRO BARREIRO DE FIGUEIREDO.;774.33;;;;;-22.269601900;-49.0761495000
350600305000205;CRUZAMENTO DA AVENIDA JOSÉ HENRIQUE FERRAZ COM A RUA NICOLAU DEL GALLO.;766.49;;;;;-22.352664700;-49.0967504000
350600305000356;CRUZAMENTO DA RUA DOS FERROVIÁRIOS COM A AVENIDA CENTRAL.;759.54;;;;;-20.467429300;-55.7835737000
350600305000495;CRUZAMENTO DA RUA WALTER RODOLFO COM RUA JOÃO SOTERO DE CASTRO.;753.11;;;;;-22.318973500;-49.0556085000
350600310000002;CRUZAMENTO DA RODOVIA MARECHAL RONDON SP-300 COM A ESTRADA UM.;730.00;;;;;-23.213206800;-47.4905442000
350600305000324;CRUZAMENTO DO PROLONGAMENTO DA RUA YOSHIZO SHIRATA COM O CÓRREGO PALMITAL.;729.19;;;;;-8.129096550;-35.3046970300
350600305000289;CRUZAMENTO DA RUA JÚLIO RODRIGUES COM A RUA NILTON GIMENES.;726.99;;;;;-8.296874500;-35.9855012000
350600305000496;CRUZAMENTO DA RUA ANTÔNIO MOLINA COM GALVÃO DE CASTRO.;721.46;;;;;-22.318973500;-49.0556085000
350600305000170;CRUZAMENTO DA RUA SÃO SEBASTIÃO COM A RUA MAJOR ANTENOR FRANCISCO DO NASCIMENTO.;715.30;;;;;-7.406392200;-35.2729033000
350600305000218;CRUZAMENTO DA RUA MANOEL CASTELLANO RODRIGUES COM A RUA SÃO SEBASTIÃO.;714.44;;;;;-22.313283600;-49.1176198000
350600305000430;CRUZAMENTO DA AVENIDA LÚCIO LUCIANO COM A ALAMEDA ENGENHEIRO JOÃO B. P. FANTIN.;714.43;;;;;-22.333462500;-49.0226772000
350600305000316;CRUZAMENTO DA RUA SÃO ROQUE COM A RUA SÃO SEBASTIÃO.;711.05;;;;;-7.737637200;-37.9930232000
350600305000355;ENTRONCAMENTO DA AVENIDA CENTRAL COM A RUA DOS FERROVIÁRIOS.;709.52;;;;;-29.366827900;-50.8603991000
350600305000412;CRUZAMENTO DA RUA LUIZ TENTOR COM O CÓRREGO ÁGUA DO JOÃO COSTA.;709.29;;;;;-22.336361500;-49.0284680000
350600305000499;CRUZAMENTO DA ESTRADA BOA VISTA COM A RUA ALFREDO RODRIGUES DE SOUZA.;706.74;;;;;-7.554321000;-35.0090230000
350600305000281;CRUZAMENTO DA RUA EDSON PEREIRA LEITE COM A AVENIDA DO CONTORNO.;706.41;;;;;-22.305190800;-49.1097540000
350600305000394;ENTRONCAMENTO DA RUA DOS CONTABILISTAS COM A RUA DOS MECÂNICOS.;692.08;;;;;-22.884730400;-47.0426120000
350600305000280;CRUZAMENTO DA RUA AZOR GARCIA DOS SANTOS COM RUA EDEGHAL APARÍCIO BIONDO.;688.79;;;;;-22.304992200;-49.1153707000
350600305000167;CRUZAMENTO DA RUA WALTER RODOLPHO COM A AVENIDA ELIAS MIGUEL MALUF.;669.77;;;;;-22.326749100;-49.1119981000
350600305000350;CRUZAMENTO DA RODOVIA COMANDANTE JOÃO RIBEIRO DE BARROS SP-294 BAURU / MARÍLIA COM A RUA SEGUNDO SARGENTO JOSÉ MENDES LEAL.;651.78;;;;;-22.326351300;-49.4333904000
350600305000471;CRUZAMENTO DA RUA NAOKI SHINOHARA COM A RUA NATAL FORNAZARI.;650.00;;;;;-22.319765000;-49.0092803000
350600305000215;CRUZAMENTO DA AVENIDA WALDEMAR GUIMARÃES FERREIRA COM OS TRILHOS DA NOVOESTE.;642.71;;;;;-22.328958900;-49.1187057000
350600305000498;RESIDENCIAL VILA GRENÁ - LOCALIZADO NA RUA CRISTIANO PAGANI NÚMERO 10-49.;638.35;;;;;-22.318973500;-49.0556085000
350600305000421;ENTRONCAMENTO DA RUA TRINTA COM A RUA HELDER S AMARAL.;626.65;;;;;-22.844497900;-47.1978344000
350600305000219;CRUZAMENTO DA RUA JESO CONTIJO DE MORAES COM A RUA JÚLIA RIBEIRO VECCHI.;618.67;;;;;-22.306513800;-49.1158484000
350600305000378;CRUZAMENTO DA RUA ENGENHEIRO XERXES RIBEIRO DOS SANTOS COM A RUA ALZIRO ZARZUR.;611.77;;;;;-22.335248300;-49.0324821000
350600305000127;CRUZAMENTO DA ALAMEDA TRÓIA COM A ALAMEDA EMATITE.;594.37;;;;;-22.312034600;-49.1043521000
350600305000305;CRUZAMENTO DA AVENIDA CASTELO BRANCO COM A RUA FLORENTINO ALEXANDRINO DE OLIVEIRA.;590.06;;;;;-23.464171300;-51.8617990000
350600305000142;CRUZAMENTO DA PRAÇA DAS ORQUÍDEAS COM A ALAMEDA DOS CRAVOS.;588.68;;;;;-23.497150550;-46.8510248400
350600305000470;AVENIDA LÚCIO LUCIANO.;584.79;;;;;-22.327888000;-49.0279299000
350600305000172;CRUZAMENTO DA ALAMEDA ACRÓPOLE COM A ALAMEDA VÊNUS.;554.86;;;;;-22.311158700;-49.1069511000
350600305000386;ENTRONCAMENTO DA AVENIDA CASTELO BRANCO COM A RUA MILTON NASCIMENTO BUENO.;552.65;;;;;-23.464171300;-51.8617990000
350600305000123;CRUZAMENTO DA AVENIDA WALDEMAR G. FERREIRA COM A RUA TORQUATO GONÇALVES DE ANDRADE.;540.97;;;;;-20.740603800;-48.9101454000
350600305000042; CÓRREGO DA LAGOA COM OS TRILHOS DA FERROBAN.;537.85;;;;;-22.324280600;-49.0959802000
350600305000383;CRUZAMENTO DA RUA LÁZARO RODRIGUES COM A RUA ANÉSIA PINHEIRO MACHADO.;530.02;;;;;-21.726922500;-46.3872881000
350600305000523;CRUZAMENTO DA RODOVIA MARECHAL RONDON SP-300 COM A LINHA DE ALTA TENSÃO DA CESP.;512.00;;;;;-23.213206800;-47.4905442000
350600305000278;CRUZAMENTO DA RUA JESO CONTIJO DE MORAES COM A RUA AMINA HAVAD GIACOVANI.;475.47;;;;;-22.306513800;-49.1158484000
350600305000444;CRUZAMENTO DA DIVISA DO PARQUE SANTA TEREZINHA COM A RODOVIA BAURU/JAÚ SP-225.;463.46;;;;;-23.342209000;-46.8435761000
350600305000043;RUA HILDEBRANDO DE CARVALHO COM A RUA GUILHERME GARMES.;451.80;;;;;-12.161179400;-45.0041883000
350600305000357;CRUZAMENTO DA RUA DOS PEDREIROS COM A AVENIDA APARECIDA INES CHRISPIM DE MATOS.;441.83;;;;;-23.171083600;-49.3829260000
350600305000318;CRUZAMENTO DA RUA PEDRO ÁLVARES MANSERA COM A RODOVIA COMANDANTE JOÃO RIBEIRO DE BARROS SP-294.;427.11;;;;;-22.304992200;-49.1153707000
350600305000323;CRUZAMENTO DA ESTRADA PARA IPA COM A RODOVIA COMANDANTE JOÃO RIBEIRO DE BARROS SP-294.;379.80;;;;;-8.129096550;-35.3046970300
350600305000422;ENTRONCAMENTO DA RUA JORGE SCHNEYDER FILHO COM A AVENIDA DE ACESSO HORÁCIO FREDERICO PYLES.;257.11;;;;;-22.315643500;-49.0187899000
350600305000275;CRUZAMENTO DA RUA SÃO SEBASTIÃO COM A RUA JOSÉ GONÇALVES.;193.32;;;;;-7.406392200;-35.2729033000
